Number,GivenName,Surname,OfficialEmail,SSN
d9000,Ines,Beneventi,Ines.Beneventi@politu.it,XT6141393
d9001,Nino,Lucciano,Nino.Lucciano@politu.it,BC32576022
d9002,Agostina,Costa,Agostina.Costa@politu.it,OV16025746
d9003,Catena,Piazza,Catena.Piazza@politu.it,RU88386453
d9004,Marisa,Fiorentini,Marisa.Fiorentini@politu.it,SK31148026
d9005,Ester,Genovesi,Ester.Genovesi@politu.it,OH66365489
d9006,Marina,Castiglione,Marina.Castiglione@politu.it,YE28316232
d9007,Pupa,Sal,Pupa.Sal@politu.it,ZZ96310067
d9008,Landro,Toscano,Landro.Toscano@politu.it,PR25217515
d9009,Blanda,Lombardo,Blanda.Lombardo@politu.it,QF55328037
d9010,Marisa,Greece,Marisa.Greece@politu.it,FH15147632
d9011,Amedeo,Romani,Amedeo.Romani@politu.it,OZ75294858
d9012,Luca,Panicucci,Luca.Panicucci@politu.it,QB25520002
d9013,Alessandro,Bellucci,Alessandro.Bellucci@politu.it,XM48903096
d9014,Abele,Arcuri,Abele.Arcuri@politu.it,NY87685104
d9015,Adalberto,Toscano,Adalberto.Toscano@politu.it,CJ5058163
d9016,Alvise,Mancini,Alvise.Mancini@politu.it,BE11240592
d9017,Algiso,Milano,Algiso.Milano@politu.it,US6004065
d9018,Aiace,Endrizzi,Aiace.Endrizzi@politu.it,OW43310084
d9019,Giacinto,Siciliani,Giacinto.Siciliani@politu.it,VQ6652033
d9020,Giulia,Gallo,Giulia.Gallo@politu.it,OT84930173
d9021,Adalberto,Giordano,Adalberto.Giordano@politu.it,EP17762478
d9022,Liberato,Panicucci,Liberato.Panicucci@politu.it,FR24433975
d9023,Annunziata,Endrizzi,Annunziata.Endrizzi@politu.it,XW92383698
d9024,Imelda,Li Fonti,Imelda.Li Fonti@politu.it,JM22371522
d9025,Armando,Endrizzi,Armando.Endrizzi@politu.it,QV29382198
d9026,Sara,Romano,Sara.Romano@politu.it,GU55984300
d9027,Callisto,Marino,Callisto.Marino@politu.it,NS51515722
d9028,Anna,Angelo,Anna.Angelo@politu.it,UQ39611512
d9029,Gilberto,Monaldo,Gilberto.Monaldo@politu.it,PC87762814
d9030,Maurizio,Genovese,Maurizio.Genovese@politu.it,EN75339668
d9031,Silvio,Lucciano,Silvio.Lucciano@politu.it,PE10114229
d9032,Felicita,Fiorentino,Felicita.Fiorentino@politu.it,UD96997191
d9033,Benedetto,Milano,Benedetto.Milano@politu.it,FQ90137783
d9034,Luciana,Trentini,Luciana.Trentini@politu.it,DF75234188
d9035,Marianna,Romani,Marianna.Romani@politu.it,EQ21821079
d9036,Geraldino,Panicucci,Geraldino.Panicucci@politu.it,TD52661810
d9037,Francesco,Siciliano,Francesco.Siciliano@politu.it,ND1058262
d9038,Vittore,Genovesi,Vittore.Genovesi@politu.it,RZ65971911
d9039,Crescente,Mazzanti,Crescente.Mazzanti@politu.it,NJ14764721
d9040,Abbondanzio,Padovesi,Abbondanzio.Padovesi@politu.it,YK37954817
d9041,Luisa,Onio,Luisa.Onio@politu.it,CH74190998
d9042,Alfreda,Costa,Alfreda.Costa@politu.it,QY25168611
d9043,Dora,Schiavone,Dora.Schiavone@politu.it,JJ36467985
d9044,Gerardina,Lori,Gerardina.Lori@politu.it,FC12188940
d9045,Claudia,Boni,Claudia.Boni@politu.it,FQ7881466
d9046,Carmen,Udinesi,Carmen.Udinesi@politu.it,JL73539296
d9047,Gherardo,Capon,Gherardo.Capon@politu.it,RG17768024
d9048,Virginio,Costa,Virginio.Costa@politu.it,VR26246147
d9049,Mirella,De Luca,Mirella.De Luca@politu.it,ZV60590195
d9050,Cupido,Monaldo,Cupido.Monaldo@politu.it,FE74221140
d9051,Gastone,Dellucci,Gastone.Dellucci@politu.it,UI41231862
d9052,Viviana,Pisano,Viviana.Pisano@politu.it,FP59017166
d9053,Quartilla ,Barese,Quartilla .Barese@politu.it,TL99611293
d9054,Attilio,Marchesi,Attilio.Marchesi@politu.it,ZZ62900919
d9055,Rosaura,Greece,Rosaura.Greece@politu.it,JY96486799
d9056,Melissa,Lucchese,Melissa.Lucchese@politu.it,JN3593909
d9057,Merico,Monaldo,Merico.Monaldo@politu.it,AR57019665
d9058,Elisa,Giordano,Elisa.Giordano@politu.it,JS41939575
d9059,Manfredo,Iadanza,Manfredo.Iadanza@politu.it,VX76696984
d9060,Amedeo,Arcuri,Amedeo.Arcuri@politu.it,UU9073042
d9061,Emiliano,Li Fonti,Emiliano.Li Fonti@politu.it,RW96774049
d9062,Eberardo,Arcuri,Eberardo.Arcuri@politu.it,JJ28794432
d9063,Graziella,Pagnotto,Graziella.Pagnotto@politu.it,PC98445052
d9064,Marco,Loggia,Marco.Loggia@politu.it,ZL3317119
d9065,Romilda,Cocci,Romilda.Cocci@politu.it,JE16568062
d9066,Giacinto,Toscani,Giacinto.Toscani@politu.it,PZ69639181
d9067,Rosarmosario,Beneventi,Rosarmosario.Beneventi@politu.it,BS71757361
d9068,Marcello,Lucciano,Marcello.Lucciano@politu.it,HF81006268
d9069,Fulvia,Folliero,Fulvia.Folliero@politu.it,LW53336950
d9070,Giosuè,Mancini,Giosuè.Mancini@politu.it,TA18319310
d9071,Ada,Manfrin,Ada.Manfrin@politu.it,CZ87086252
d9072,Adamo,Schiavone,Adamo.Schiavone@politu.it,UB44261789
d9073,Verdiana,Genovese,Verdiana.Genovese@politu.it,PP20061038
d9074,Maria Luisa,Conti,Maria Luisa.Conti@politu.it,VC39583702
d9075,Fantino,Longo,Fantino.Longo@politu.it,SP5121487
d9076,Fernanda,Pisano,Fernanda.Pisano@politu.it,WL82203154
d9077,Clizia,Pugliesi,Clizia.Pugliesi@politu.it,BC49252087
d9078,Giona,Monaldo,Giona.Monaldo@politu.it,YM78834507
d9079,Guido,Sagese,Guido.Sagese@politu.it,XT29765741
d9080,Isotta,Costa,Isotta.Costa@politu.it,SM46860811
d9081,Raniero,Sagese,Raniero.Sagese@politu.it,TG42274773
d9082,Libero,Panicucci,Libero.Panicucci@politu.it,EW74477871
d9083,Elda,Cocci,Elda.Cocci@politu.it,OY99599162
d9084,Vinicio,Romani,Vinicio.Romani@politu.it,IM9509567
d9085,Geronimo,De Luca,Geronimo.De Luca@politu.it,NN78066936
d9086,Jacopo,Padovesi,Jacopo.Padovesi@politu.it,ZT35195984
d9087,Eulalia,Lombardi,Eulalia.Lombardi@politu.it,MQ17376300
d9088,Rebecca,Lorenzo,Rebecca.Lorenzo@politu.it,UH0889806
d9089,Gianni,Mazzi,Gianni.Mazzi@politu.it,LE10739394
d9090,Rina,Beneventi,Rina.Beneventi@politu.it,QT31195155
d9091,Alberica,Baresi,Alberica.Baresi@politu.it,DG45795736
d9092,Lillo,Giordano,Lillo.Giordano@politu.it,JF72574884
d9093,Federico,Greece,Federico.Greece@politu.it,TT37634871
d9094,Rosina,Moretti,Rosina.Moretti@politu.it,VW97660757
d9095,Fernanda,Fallaci,Fernanda.Fallaci@politu.it,XC78431295
d9096,Sabina ,Marino,Sabina .Marino@politu.it,YU46420000
d9097,Virginia,Romano,Virginia.Romano@politu.it,SO85606004
d9098,Fiamma,Lettiere,Fiamma.Lettiere@politu.it,BA16889074
d9099,Dalia,Pinto,Dalia.Pinto@politu.it,DJ66936862
d9100,Amina,Rossi,Amina.Rossi@politu.it,DS44288425
d9101,Batilda,Rizzo,Batilda.Rizzo@politu.it,TB33596626
d9102,Angelina,Trevisan,Angelina.Trevisan@politu.it,DA32545417
d9103,Ilenia,Lombardo,Ilenia.Lombardo@politu.it,BL29259803
d9104,Viviana,De Luca,Viviana.De Luca@politu.it,TQ34806553
d9105,Tarquinia,Manna,Tarquinia.Manna@politu.it,NN61889684
d9106,Alcide,Ferrari,Alcide.Ferrari@politu.it,UI74470759
d9107,Amilcare,Trevisani,Amilcare.Trevisani@politu.it,UW41719524
d9108,Attilio,Siciliano,Attilio.Siciliano@politu.it,AB0328366
d9109,Ermanno,Napolitani,Ermanno.Napolitani@politu.it,GB24526411
d9110,Rufino,Pisani,Rufino.Pisani@politu.it,FK95487032
d9111,Settimo,Lucchesi,Settimo.Lucchesi@politu.it,MK20308796
d9112,Alessio,Palermo,Alessio.Palermo@politu.it,BP81777327
d9113,Editta,Padovano,Editta.Padovano@politu.it,ME8481302
d9114,Nadia ,Trevisano,Nadia .Trevisano@politu.it,KF96912945
d9115,Libero,Milanesi,Libero.Milanesi@politu.it,PA87724431
d9116,Renato,Trevisano,Renato.Trevisano@politu.it,TS41173220
d9117,Callisto,Buccho,Callisto.Buccho@politu.it,BT93714015
d9118,Alida,Lettiere,Alida.Lettiere@politu.it,BD24445874
d9119,Damiana,Li Fonti,Damiana.Li Fonti@politu.it,BS89539404
d9120,Arnaldo,Monaldo,Arnaldo.Monaldo@politu.it,VY20731880
d9121,Abelina,Piccio,Abelina.Piccio@politu.it,GH94840647
d9122,Lea,Milani,Lea.Milani@politu.it,CV60520636
d9123,Teresio,Lori,Teresio.Lori@politu.it,QK27847204
d9124,Vittore,Ferri,Vittore.Ferri@politu.it,TF95187721
d9125,Elena,Siciliano,Elena.Siciliano@politu.it,TU40965231
d9126,Enza,Ferrari,Enza.Ferrari@politu.it,XB91971865
d9127,Martina,Fiorentini,Martina.Fiorentini@politu.it,NX97110503
d9128,Severo,Costa,Severo.Costa@politu.it,BM35177880
d9129,Cataldo,Bianchi,Cataldo.Bianchi@politu.it,AY35875218
d9130,Gerardina,Pisani,Gerardina.Pisani@politu.it,MI10525631
d9131,Lazzaro,Ricci,Lazzaro.Ricci@politu.it,QB33428977
d9132,Delma,Mazzanti,Delma.Mazzanti@politu.it,JQ72831432
d9133,Vladimiro,Folliero,Vladimiro.Folliero@politu.it,PI87547248
d9134,Sergio,Mancini,Sergio.Mancini@politu.it,TX46911684
d9135,Maia,Lucciano,Maia.Lucciano@politu.it,KQ21951171
d9136,Beatrice,Costa,Beatrice.Costa@politu.it,IN4420551
d9137,Lia,Milanesi,Lia.Milanesi@politu.it,UY49268610
d9138,Wilma,Udinese,Wilma.Udinese@politu.it,RV98060292
d9139,Adalfredo,Marcelo,Adalfredo.Marcelo@politu.it,ZP72884008
d9140,Quinto,Mancini,Quinto.Mancini@politu.it,UW52450760
d9141,Facondo,Davide,Facondo.Davide@politu.it,WB78859847
d9142,Curzio,Marcelo,Curzio.Marcelo@politu.it,HA62107843
d9143,Immacolata,Marino,Immacolata.Marino@politu.it,ED77046583
d9144,Fortunato,Trevisano,Fortunato.Trevisano@politu.it,DR20308890
d9145,Gabriella ,Marcelo,Gabriella .Marcelo@politu.it,BH14759917
d9146,Algisa,Pisani,Algisa.Pisani@politu.it,JL9430073
d9147,Indro,Longo,Indro.Longo@politu.it,IL40251376
d9148,Cristiano,Pinto,Cristiano.Pinto@politu.it,DI47052152
d9149,Ferdinando,Dellucci,Ferdinando.Dellucci@politu.it,JV56778789
d9150,Abelina,Lo Duca,Abelina.Lo Duca@politu.it,KK10041494
d9151,Piero,Piazza,Piero.Piazza@politu.it,PY2087728
d9152,Odetta ,Moretti,Odetta .Moretti@politu.it,WV55764590
d9153,Giulio,Mancini,Giulio.Mancini@politu.it,NR44883614
d9154,Alberto,Loggia,Alberto.Loggia@politu.it,FQ83021783
d9155,Protasio,Lucciano,Protasio.Lucciano@politu.it,UB25937150
d9156,Arcangela,Lucciano,Arcangela.Lucciano@politu.it,EF55235229
d9157,Antonino,Barese,Antonino.Barese@politu.it,WY44169648
d9158,Dorotea,Monaldo,Dorotea.Monaldo@politu.it,SG74508433
d9159,Quinzio,Sal,Quinzio.Sal@politu.it,TC58787047
d9160,Sante,Rizzo,Sante.Rizzo@politu.it,EF94658039
d9161,Delmo,Pisani,Delmo.Pisani@politu.it,LU97308380
d9162,Isotta,Fiorentino,Isotta.Fiorentino@politu.it,KP34369967
d9163,Ambretta,Sagese,Ambretta.Sagese@politu.it,OI18187586
d9164,Macaria ,Baresi,Macaria .Baresi@politu.it,QD97103609
d9165,Ileana,Lucchese,Ileana.Lucchese@politu.it,MB16175235
d9166,Luisella,Fanucci,Luisella.Fanucci@politu.it,MV8074026
d9167,Santo,Napolitano,Santo.Napolitano@politu.it,OK76702037
d9168,Filiberta,Pisano,Filiberta.Pisano@politu.it,YK31972484
d9169,Ferdinanda,Manna,Ferdinanda.Manna@politu.it,QO61907425
d9170,Alvaro,Russo,Alvaro.Russo@politu.it,QJ10091002
d9171,Aleandro,Bellucci,Aleandro.Bellucci@politu.it,OT45985684
d9172,Giuliana,Conti,Giuliana.Conti@politu.it,EE24481601
d9173,Tabita ,Gallo,Tabita .Gallo@politu.it,OW58210533
d9174,Davide,Trevisano,Davide.Trevisano@politu.it,FL33964103
d9175,Gaspare,Schiavone,Gaspare.Schiavone@politu.it,GL44294737
d9176,Albino,Fiorentino,Albino.Fiorentino@politu.it,CM28789799
d9177,Calogero,Loggia,Calogero.Loggia@politu.it,XG93396124
d9178,Bellina,Lucchesi,Bellina.Lucchesi@politu.it,PA98054523
d9179,Rosanna,Giordano,Rosanna.Giordano@politu.it,QG71275151
d9180,Ermanno,Ferrari,Ermanno.Ferrari@politu.it,NF23517210
d9181,Quintino,Colombo,Quintino.Colombo@politu.it,EV98555123
d9182,Alma,Siciliano,Alma.Siciliano@politu.it,XE82102135
d9183,Rosita,Cocci,Rosita.Cocci@politu.it,PH79042990
d9184,Luce,Endrizzi,Luce.Endrizzi@politu.it,MZ28465299
d9185,Anselma,Longo,Anselma.Longo@politu.it,UW15002297
d9186,Lorenzo,Baresi,Lorenzo.Baresi@politu.it,XH64792104
d9187,Rebecca,Greece,Rebecca.Greece@politu.it,IS77663775
d9188,Gemma,Manna,Gemma.Manna@politu.it,NA52183964
d9189,Umberto,Siciliani,Umberto.Siciliani@politu.it,GC46076776
d9190,Cosimo,Milani,Cosimo.Milani@politu.it,AM5245354
d9191,Geremia,Ricci,Geremia.Ricci@politu.it,HM94726298
d9192,Smeralda,Toscani,Smeralda.Toscani@politu.it,KT82565510
d9193,Ernesto,Ferri,Ernesto.Ferri@politu.it,PB27546935
d9194,Alighiero,Toscano,Alighiero.Toscano@politu.it,JH57019785
d9195,Maurilio,Udinesi,Maurilio.Udinesi@politu.it,HB4422970
d9196,Vinicio,Bergamaschi,Vinicio.Bergamaschi@politu.it,FL57482453
d9197,Livio,Genovesi,Livio.Genovesi@politu.it,FH24301421
d9198,Ennio,Palerma,Ennio.Palerma@politu.it,RM97603237
d9199,Bacco,Milanesi,Bacco.Milanesi@politu.it,UQ88181741
d9200,Tolomeo,Mancini,Tolomeo.Mancini@politu.it,MR17121943